cell_name,APs[][0],maxHz[][0],current_injection[][0],initial_gain,max_gain,initial_ifreq_gain,max_ifreq_gain,train_current,SFA,CV,mAHP,threshold_current,threshold_t,AP_threshold,AP_peak,AP_amp,max_dvdt,min_dvdt,f_AHP,AP_HW,FI_first,FI_last,sag_subrheo,rebound_subrheo,fr_inst_max_gain,fr_avg_max_gain,i_max_gain,Vm_subrheo
,0,0,0,,,,,,,,,,,,,,,,,,,,,,,,,
AP071023A,[0 0 2 6 11 14 16 16 18 16 16 15 16 17 53 11 2 1 1 1],[0 0 72.564 103.1 108.12 117.09 126.38 127.84 131.89 136.76 134.14 140.84 148.25 148.57 161.84 164.35 170.83 1 1 1],[50 100 150 200 250 300 350 400 450 500 550 600 650 700 750 800 850 900 950 1000],0.07,0.72,0.58543,1.45128,200,1.91387,0.6647,-1.90503,150,75.4615,-38.8046,18.9035,57.7081,101.928,-48.4979,28.4419,2.60193,14,33,0.0684083,0.072158,72.5639,2,150,-51.7449
